"wd_id","status","variable","value_old","value_new"
"Q881","MODvalue","NAME_HU","Vietnam","Vietnám"
"Q30","MODvalue","NAME_AR","الولايات المتحدة الأمريكية","الولايات المتحدة"
"Q35086","NEWvalue","NAME_AR","","جورجيا الجنوبية وجزر ساندويتش الجنوبية"
"Q35086","NEWvalue","NAME_BN","","দক্ষিণ জর্জিয়া ও দক্ষিণ স্যন্ডউইচ দ্বীপপুঞ্জ"
"Q35086","NEWvalue","NAME_DE","","Südgeorgien und die Südlichen Sandwichinseln"
"Q35086","NEWvalue","NAME_EN","","South Georgia and the South Sandwich Islands"
"Q35086","NEWvalue","NAME_ES","","Islas Georgias del Sur y Sándwich del Sur"
"Q35086","NEWvalue","NAME_FR","","Géorgie du Sud-et-les Îles Sandwich du Sud"
"Q35086","NEWvalue","NAME_EL","","Νήσοι Νότια Γεωργία και Νότιες Σάντουιτς"
"Q35086","NEWvalue","NAME_HI","","दक्षिण जॉर्जिया एवं दक्षिण सैंडविच द्वीप समूह"
"Q35086","NEWvalue","NAME_HU","","Déli-Georgia és Déli-Sandwich-szigetek"
"Q35086","NEWvalue","NAME_ID","","Georgia Selatan dan Kepulauan Sandwich Selatan"
"Q35086","NEWvalue","NAME_IT","","Georgia del Sud e isole Sandwich meridionali"
"Q35086","NEWvalue","NAME_JA","","サウスジョージア・サウスサンドウィッチ諸島"
"Q35086","NEWvalue","NAME_KO","","사우스조지아 사우스샌드위치 제도"
"Q35086","NEWvalue","NAME_NL","","Zuid-Georgia en de Zuidelijke Sandwicheilanden"
"Q35086","NEWvalue","NAME_PL","","Georgia Południowa i Sandwich Południowy"
"Q35086","NEWvalue","NAME_PT","","Ilhas Geórgia do Sul e Sandwich do Sul"
"Q35086","NEWvalue","NAME_RU","","Южная Георгия и Южные Сандвичевы острова"
"Q35086","NEWvalue","NAME_SV","","Sydgeorgien och Sydsandwichöarna"
"Q35086","NEWvalue","NAME_TR","","Güney Georgia ve Güney Sandwich Adaları"
"Q35086","NEWvalue","NAME_VI","","Nam Georgia và Quần đảo Nam Sandwich"
"Q35086","NEWvalue","NAME_ZH","","南喬治亞島與南桑威奇群島"
"Q34497","NEWvalue","NAME_AR","","سانت هيلينا"
"Q34497","NEWvalue","NAME_BN","","সেন্ট হেলেনা"
"Q34497","NEWvalue","NAME_DE","","St. Helena"
"Q34497","NEWvalue","NAME_EN","","Saint Helena"
"Q34497","NEWvalue","NAME_ES","","Isla Santa Elena"
"Q34497","NEWvalue","NAME_FR","","Sainte-Hélène"
"Q34497","NEWvalue","NAME_EL","","Νήσος Αγίας Ελένης"
"Q34497","NEWvalue","NAME_HI","","सन्त हेलेना"
"Q34497","NEWvalue","NAME_HU","","Szent Ilona"
"Q34497","NEWvalue","NAME_ID","","Saint Helena"
"Q34497","NEWvalue","NAME_IT","","Sant'Elena"
"Q34497","NEWvalue","NAME_JA","","セントヘレナ"
"Q34497","NEWvalue","NAME_KO","","세인트헬레나"
"Q34497","NEWvalue","NAME_NL","","Sint-Helena"
"Q34497","NEWvalue","NAME_PL","","Wyspa Świętej Heleny"
"Q34497","NEWvalue","NAME_PT","","Santa Helena"
"Q34497","NEWvalue","NAME_RU","","Остров Святой Елены"
"Q34497","NEWvalue","NAME_SV","","Sankta Helena"
"Q34497","NEWvalue","NAME_TR","","Saint Helena"
"Q34497","NEWvalue","NAME_VI","","Saint Helena"
"Q34497","NEWvalue","NAME_ZH","","圣赫勒拿岛"
"Q5785","MODvalue","NAME_RU","Каймановы острова","острова Кайман"
"Q25230","MODvalue","NAME_ES","Bailía del Guernsey","Guernsey"
"Q754","NEWvalue","NAME_AR","","ترينيداد وتوباغو"
"Q754","NEWvalue","NAME_BN","","ত্রিনিদাদ ও টোবাগো"
"Q754","NEWvalue","NAME_DE","","Trinidad und Tobago"
"Q754","NEWvalue","NAME_EN","","Trinidad and Tobago"
"Q754","NEWvalue","NAME_ES","","Trinidad y Tobago"
"Q754","NEWvalue","NAME_FR","","Trinité-et-Tobago"
"Q754","NEWvalue","NAME_EL","","Τρινιντάντ και Τομπάγκο"
"Q754","NEWvalue","NAME_HI","","त्रिनिदाद और टोबैगो"
"Q754","NEWvalue","NAME_HU","","Trinidad és Tobago"
"Q754","NEWvalue","NAME_ID","","Trinidad dan Tobago"
"Q754","NEWvalue","NAME_IT","","Trinidad e Tobago"
"Q754","NEWvalue","NAME_JA","","トリニダード・トバゴ"
"Q754","NEWvalue","NAME_KO","","트리니다드 토바고"
"Q754","NEWvalue","NAME_NL","","Trinidad en Tobago"
"Q754","NEWvalue","NAME_PL","","Trynidad i Tobago"
"Q754","NEWvalue","NAME_PT","","Trinidad e Tobago"
"Q754","NEWvalue","NAME_RU","","Тринидад и Тобаго"
"Q754","NEWvalue","NAME_SV","","Trinidad och Tobago"
"Q754","NEWvalue","NAME_TR","","Trinidad ve Tobago"
"Q754","NEWvalue","NAME_VI","","Trinidad và Tobago"
"Q754","NEWvalue","NAME_ZH","","千里達及托巴哥"
"Q1774","NEWvalue","NAME_AR","","زنجبار"
"Q1774","NEWvalue","NAME_BN","","জানজিবার"
"Q1774","NEWvalue","NAME_DE","","Sansibar"
"Q1774","NEWvalue","NAME_EN","","Zanzibar"
"Q1774","NEWvalue","NAME_ES","","Zanzíbar"
"Q1774","NEWvalue","NAME_FR","","Zanzibar"
"Q1774","NEWvalue","NAME_EL","","Ζανζιβάρη"
"Q1774","NEWvalue","NAME_HI","","ज़ांज़ीबार"
"Q1774","NEWvalue","NAME_HU","","Zanzibár"
"Q1774","NEWvalue","NAME_ID","","Zanzibar"
"Q1774","NEWvalue","NAME_IT","","Zanzibar"
"Q1774","NEWvalue","NAME_JA","","ザンジバル"
"Q1774","NEWvalue","NAME_KO","","잔지바르"
"Q1774","NEWvalue","NAME_NL","","Zanzibar"
"Q1774","NEWvalue","NAME_PL","","Zanzibar"
"Q1774","NEWvalue","NAME_PT","","Zanzibar"
"Q1774","NEWvalue","NAME_RU","","Занзибар"
"Q1774","NEWvalue","NAME_SV","","Zanzibar"
"Q1774","NEWvalue","NAME_TR","","Zanzibar"
"Q1774","NEWvalue","NAME_VI","","Zanzibar"
"Q1774","NEWvalue","NAME_ZH","","桑給巴爾"
"Q865","MODvalue","NAME_DE","Republik China","Taiwan"
"Q865","MODvalue","NAME_PT","República da China","Taiwan"
"Q1050","MODvalue","NAME_ES","Suazilandia","eSwatini"
"Q1050","MODvalue","NAME_PT","Suazilândia","eSwatini"
"Q685","MODvalue","NAME_FR","Salomon","Îles Salomon"
"Q1042","MODvalue","NAME_RU","Сейшелы","Сейшельские Острова"
"Q44749","NEWvalue","NAME_AR","","فويفودينا"
"Q44749","NEWvalue","NAME_DE","","Vojvodina"
"Q44749","NEWvalue","NAME_EN","","Vojvodina"
"Q44749","NEWvalue","NAME_ES","","Voivodina"
"Q44749","NEWvalue","NAME_FR","","Voïvodine"
"Q44749","NEWvalue","NAME_EL","","Βοϊβοντίνα"
"Q44749","NEWvalue","NAME_HU","","Vajdaság Autonóm Tartomány"
"Q44749","NEWvalue","NAME_ID","","Vojvodina"
"Q44749","NEWvalue","NAME_IT","","Voivodina"
"Q44749","NEWvalue","NAME_JA","","ヴォイヴォディナ"
"Q44749","NEWvalue","NAME_KO","","보이보디나"
"Q44749","NEWvalue","NAME_NL","","Vojvodina"
"Q44749","NEWvalue","NAME_PL","","Wojwodina"
"Q44749","NEWvalue","NAME_PT","","Voivodina"
"Q44749","NEWvalue","NAME_RU","","Воеводина"
"Q44749","NEWvalue","NAME_SV","","Vojvodina"
"Q44749","NEWvalue","NAME_TR","","Voyvodina"
"Q44749","NEWvalue","NAME_VI","","Vojvodina"
"Q44749","NEWvalue","NAME_ZH","","伏伊伏丁那"
"Q1039","NEWvalue","NAME_AR","","ساو تومي وبرينسيب"
"Q1039","NEWvalue","NAME_BN","","সাঁউ তুমি ও প্রিন্সিপি"
"Q1039","NEWvalue","NAME_DE","","São Tomé und Príncipe"
"Q1039","NEWvalue","NAME_EN","","São Tomé and Príncipe"
"Q1039","NEWvalue","NAME_ES","","Santo Tomé y Príncipe"
"Q1039","NEWvalue","NAME_FR","","Sao Tomé-et-Principe"
"Q1039","NEWvalue","NAME_EL","","Σάο Τομέ και Πρίνσιπε"
"Q1039","NEWvalue","NAME_HI","","साओ तोमे और प्रिन्सिपी"
"Q1039","NEWvalue","NAME_HU","","São Tomé és Príncipe"
"Q1039","NEWvalue","NAME_ID","","Sao Tome dan Principe"
"Q1039","NEWvalue","NAME_IT","","São Tomé e Príncipe"
"Q1039","NEWvalue","NAME_JA","","サントメ・プリンシペ"
"Q1039","NEWvalue","NAME_KO","","상투메 프린시페"
"Q1039","NEWvalue","NAME_NL","","Sao Tomé en Principe"
"Q1039","NEWvalue","NAME_PL","","Wyspy Świętego Tomasza i Książęca"
"Q1039","NEWvalue","NAME_PT","","São Tomé e Príncipe"
"Q1039","NEWvalue","NAME_RU","","Сан-Томе и Принсипи"
"Q1039","NEWvalue","NAME_SV","","São Tomé och Príncipe"
"Q1039","NEWvalue","NAME_TR","","São Tomé ve Príncipe"
"Q1039","NEWvalue","NAME_VI","","São Tomé và Príncipe"
"Q1039","NEWvalue","NAME_ZH","","圣多美和普林西比"
"Q760","MODvalue","NAME_IT","Santa Lucia","Saint Lucia"
"Q419","NEWvalue","NAME_AR","","بيرو"
"Q419","NEWvalue","NAME_BN","","পেরু"
"Q419","NEWvalue","NAME_DE","","Peru"
"Q419","NEWvalue","NAME_EN","","Peru"
"Q419","NEWvalue","NAME_ES","","Perú"
"Q419","NEWvalue","NAME_FR","","Pérou"
"Q419","NEWvalue","NAME_EL","","Περού"
"Q419","NEWvalue","NAME_HI","","पेरू"
"Q419","NEWvalue","NAME_HU","","Peru"
"Q419","NEWvalue","NAME_ID","","Peru"
"Q419","NEWvalue","NAME_IT","","Perù"
"Q419","NEWvalue","NAME_JA","","ペルー"
"Q419","NEWvalue","NAME_KO","","페루"
"Q419","NEWvalue","NAME_NL","","Peru"
"Q419","NEWvalue","NAME_PL","","Peru"
"Q419","NEWvalue","NAME_PT","","Peru"
"Q419","NEWvalue","NAME_RU","","Перу"
"Q419","NEWvalue","NAME_SV","","Peru"
"Q419","NEWvalue","NAME_TR","","Peru"
"Q419","NEWvalue","NAME_VI","","Peru"
"Q419","NEWvalue","NAME_ZH","","秘鲁"
"Q14056","NEWvalue","NAME_BN","","ইয়ান মায়েন"
"Q664","NEWvalue","NAME_AR","","نيوزيلندا"
"Q664","NEWvalue","NAME_BN","","নিউজিল্যান্ড"
"Q664","NEWvalue","NAME_DE","","Neuseeland"
"Q664","NEWvalue","NAME_EN","","New Zealand"
"Q664","NEWvalue","NAME_ES","","Nueva Zelanda"
"Q664","NEWvalue","NAME_FR","","Nouvelle-Zélande"
"Q664","NEWvalue","NAME_EL","","Νέα Ζηλανδία"
"Q664","NEWvalue","NAME_HI","","न्यूज़ीलैण्ड"
"Q664","NEWvalue","NAME_HU","","Új-Zéland"
"Q664","NEWvalue","NAME_ID","","Selandia Baru"
"Q664","NEWvalue","NAME_IT","","Nuova Zelanda"
"Q664","NEWvalue","NAME_JA","","ニュージーランド"
"Q664","NEWvalue","NAME_KO","","뉴질랜드"
"Q664","NEWvalue","NAME_NL","","Nieuw-Zeeland"
"Q664","NEWvalue","NAME_PL","","Nowa Zelandia"
"Q664","NEWvalue","NAME_PT","","Nova Zelândia"
"Q664","NEWvalue","NAME_RU","","Новая Зеландия"
"Q664","NEWvalue","NAME_SV","","Nya Zeeland"
"Q664","NEWvalue","NAME_TR","","Yeni Zelanda"
"Q664","NEWvalue","NAME_VI","","New Zealand"
"Q664","NEWvalue","NAME_ZH","","新西兰"
"Q26988","NEWvalue","NAME_AR","","جزر كوك"
"Q26988","NEWvalue","NAME_BN","","কুক দ্বীপপুঞ্জ"
"Q26988","NEWvalue","NAME_DE","","Cookinseln"
"Q26988","NEWvalue","NAME_EN","","Cook Islands"
"Q26988","NEWvalue","NAME_ES","","Islas Cook"
"Q26988","NEWvalue","NAME_FR","","Îles Cook"
"Q26988","NEWvalue","NAME_EL","","Νήσοι Κουκ"
"Q26988","NEWvalue","NAME_HI","","कुक द्वीपसमूह"
"Q26988","NEWvalue","NAME_HU","","Cook-szigetek"
"Q26988","NEWvalue","NAME_ID","","Kepulauan Cook"
"Q26988","NEWvalue","NAME_IT","","Isole Cook"
"Q26988","NEWvalue","NAME_JA","","クック諸島"
"Q26988","NEWvalue","NAME_KO","","쿡 제도"
"Q26988","NEWvalue","NAME_NL","","Cookeilanden"
"Q26988","NEWvalue","NAME_PL","","Wyspy Cooka"
"Q26988","NEWvalue","NAME_PT","","Ilhas Cook"
"Q26988","NEWvalue","NAME_RU","","Острова Кука"
"Q26988","NEWvalue","NAME_SV","","Cooköarna"
"Q26988","NEWvalue","NAME_TR","","Cook Adaları"
"Q26988","NEWvalue","NAME_VI","","Quần đảo Cook"
"Q26988","NEWvalue","NAME_ZH","","库克群岛"
"Q27561","NEWvalue","NAME_AR","","الجزر الكاريبية الهولندية"
"Q27561","NEWvalue","NAME_DE","","Karibische Niederlande"
"Q27561","NEWvalue","NAME_EN","","Caribbean Netherlands"
"Q27561","NEWvalue","NAME_ES","","Caribe Neerlandés"
"Q27561","NEWvalue","NAME_FR","","Pays-Bas caribéens"
"Q27561","NEWvalue","NAME_EL","","Καραϊβικές Κάτω Χώρες"
"Q27561","NEWvalue","NAME_HU","","Karibi Hollandia"
"Q27561","NEWvalue","NAME_ID","","Kepulauan BES"
"Q27561","NEWvalue","NAME_IT","","Paesi Bassi caraibici"
"Q27561","NEWvalue","NAME_JA","","ボネール、シント・ユースタティウスおよびサバ"
"Q27561","NEWvalue","NAME_KO","","카리브 네덜란드"
"Q27561","NEWvalue","NAME_NL","","Caribisch Nederland"
"Q27561","NEWvalue","NAME_PL","","Niderlandy Karaibskie"
"Q27561","NEWvalue","NAME_PT","","Países Baixos Caribenhos"
"Q27561","NEWvalue","NAME_RU","","Бонэйр"
"Q27561","NEWvalue","NAME_SV","","Karibiska Nederländerna"
"Q27561","NEWvalue","NAME_TR","","Karayip Hollandası"
"Q27561","NEWvalue","NAME_VI","","Caribe Hà Lan"
"Q27561","NEWvalue","NAME_ZH","","荷蘭加勒比區"
"Q217","MODvalue","NAME_DE","Moldawien","Republik Moldau"
"Q1246","MODvalue","NAME_EL","Κόσοβο","Κοσσυφοπέδιο"
"Q39760","MODvalue","NAME_FR","Bande de Gaza","bande de Gaza"
"Q129003","NEWvalue","NAME_AR","","أراض فرنسية جنوبية وأنتارتيكية"
"Q129003","NEWvalue","NAME_DE","","Französische Süd- und Antarktisgebiete"
"Q129003","NEWvalue","NAME_EN","","French Southern and Antarctic Lands"
"Q129003","NEWvalue","NAME_ES","","Tierras Australes y Antárticas Francesas"
"Q129003","NEWvalue","NAME_FR","","Terres australes et antarctiques françaises"
"Q129003","NEWvalue","NAME_EL","","Γαλλικά Νότια και Ανταρκτικά Εδάφη"
"Q129003","NEWvalue","NAME_HI","","दक्षिण फ्रांसीसी और अंटार्कटिक लैंड"
"Q129003","NEWvalue","NAME_HU","","Francia déli és antarktiszi területek"
"Q129003","NEWvalue","NAME_ID","","Daratan Selatan dan Antarktika Perancis"
"Q129003","NEWvalue","NAME_IT","","Terre australi e antartiche francesi"
"Q129003","NEWvalue","NAME_JA","","フランス領南方・南極地域"
"Q129003","NEWvalue","NAME_KO","","프랑스령 남방 및 남극"
"Q129003","NEWvalue","NAME_NL","","Franse Zuidelijke en Antarctische Gebieden"
"Q129003","NEWvalue","NAME_PL","","Francuskie Terytoria Południowe i Antarktyczne"
"Q129003","NEWvalue","NAME_PT","","Terras Austrais e Antárticas Francesas"
"Q129003","NEWvalue","NAME_RU","","Французские Южные и Антарктические территории"
"Q129003","NEWvalue","NAME_SV","","Franska sydterritorierna"
"Q129003","NEWvalue","NAME_TR","","Fransız Güney ve Antarktika Toprakları"
"Q129003","NEWvalue","NAME_VI","","Vùng đất phía Nam và châu Nam Cực thuộc Pháp"
"Q129003","NEWvalue","NAME_ZH","","法属南部领地"
"Q986","MODvalue","NAME_AR","إريتريا","إرتريا"
"Q983","NEWvalue","NAME_AR","","غينيا الاستوائية"
"Q983","NEWvalue","NAME_BN","","বিষুবীয় গিনি"
"Q983","NEWvalue","NAME_DE","","Äquatorialguinea"
"Q983","NEWvalue","NAME_EN","","Equatorial Guinea"
"Q983","NEWvalue","NAME_ES","","Guinea Ecuatorial"
"Q983","NEWvalue","NAME_FR","","Guinée équatoriale"
"Q983","NEWvalue","NAME_EL","","Ισημερινή Γουινέα"
"Q983","NEWvalue","NAME_HI","","भूमध्यरेखीय गिनी"
"Q983","NEWvalue","NAME_HU","","Egyenlítői-Guinea"
"Q983","NEWvalue","NAME_ID","","Guinea Khatulistiwa"
"Q983","NEWvalue","NAME_IT","","Guinea Equatoriale"
"Q983","NEWvalue","NAME_JA","","赤道ギニア"
"Q983","NEWvalue","NAME_KO","","적도 기니"
"Q983","NEWvalue","NAME_NL","","Equatoriaal-Guinea"
"Q983","NEWvalue","NAME_PL","","Gwinea Równikowa"
"Q983","NEWvalue","NAME_PT","","Guiné Equatorial"
"Q983","NEWvalue","NAME_RU","","Экваториальная Гвинея"
"Q983","NEWvalue","NAME_SV","","Ekvatorialguinea"
"Q983","NEWvalue","NAME_TR","","Ekvator Ginesi"
"Q983","NEWvalue","NAME_VI","","Guinea Xích Đạo"
"Q983","NEWvalue","NAME_ZH","","赤道几内亚"
"Q736","MODvalue","NAME_EL","Ισημερινός","Εκουαδόρ"
"Q977","MODvalue","NAME_PT","Jibuti","Djibouti"
"Q223","MODvalue","NAME_AR","غرينلاند","جرينلاند"
"Q11196","MODvalue","NAME_EL","Σερβική Δημοκρατία","Σερβική Δημοκρατία της Βοσνίας"
"Q11198","MODvalue","NAME_EL","Ομοσπονδία Βοσνίας-Ερζεγοβίνης","Ομοσπονδία της Βοσνίας και Ερζεγοβίνης"
"Q240","MODvalue","NAME_FR","Région de Bruxelles-Capitale","région de Bruxelles-Capitale"
"Q240","MODvalue","NAME_ZH","布魯塞爾首都大區市鎮","布鲁塞尔-首都大区"
"Q184","MODvalue","NAME_RU","Республика Беларусь","Белоруссия"
"Q184","MODvalue","NAME_ZH","白俄罗斯","白罗斯"
"Q316390","NEWvalue","NAME_DE","","Antigua"
"Q316390","NEWvalue","NAME_EN","","Antigua"
"Q316390","NEWvalue","NAME_ES","","Isla Antigua"
"Q316390","NEWvalue","NAME_FR","","Antigua"
"Q316390","NEWvalue","NAME_EL","","Αντίγκουα"
"Q316390","NEWvalue","NAME_HI","","एंटीगा"
"Q316390","NEWvalue","NAME_HU","","Antigua"
"Q316390","NEWvalue","NAME_ID","","Antigua"
"Q316390","NEWvalue","NAME_IT","","Antigua"
"Q316390","NEWvalue","NAME_JA","","アンティグア島"
"Q316390","NEWvalue","NAME_KO","","앤티가 섬"
"Q316390","NEWvalue","NAME_NL","","Antigua"
"Q316390","NEWvalue","NAME_PL","","Antigua"
"Q316390","NEWvalue","NAME_PT","","Antígua"
"Q316390","NEWvalue","NAME_RU","","Антигуа"
"Q316390","NEWvalue","NAME_SV","","Antigua"
"Q316390","NEWvalue","NAME_VI","","Antigua"
"Q316390","NEWvalue","NAME_ZH","","安地卡島"
"Q333946","NEWvalue","NAME_AR","","نهر سياتشن الجليدي"
"Q333946","NEWvalue","NAME_BN","","সিয়াচেন হিমবাহ"
"Q333946","NEWvalue","NAME_DE","","Siachen-Gletscher"
"Q333946","NEWvalue","NAME_EN","","Siachen Glacier"
"Q333946","NEWvalue","NAME_ES","","Glaciar de Siachen"
"Q333946","NEWvalue","NAME_FR","","Glacier de Siachen"
"Q333946","NEWvalue","NAME_EL","","Παγετώνας Σιατσέν"
"Q333946","NEWvalue","NAME_HI","","सियाचीन"
"Q333946","NEWvalue","NAME_HU","","Siachen-gleccser"
"Q333946","NEWvalue","NAME_ID","","Siachen Glacier"
"Q333946","NEWvalue","NAME_IT","","ghiacciaio Siachen"
"Q333946","NEWvalue","NAME_JA","","シアチェン氷河"
"Q333946","NEWvalue","NAME_KO","","시아첸 빙하"
"Q333946","NEWvalue","NAME_NL","","Siachengletsjer"
"Q333946","NEWvalue","NAME_PL","","Lodowiec Siachen"
"Q333946","NEWvalue","NAME_PT","","Glaciar de Siachen"
"Q333946","NEWvalue","NAME_RU","","Сиачен"
"Q333946","NEWvalue","NAME_SV","","Siachen Glaciären"
"Q333946","NEWvalue","NAME_TR","","Siachen Buzulu"
"Q333946","NEWvalue","NAME_VI","","Sông băng Siachen"
"Q333946","NEWvalue","NAME_ZH","","锡亚琴冰川"
"Q51","NEWvalue","NAME_AR","","أنتاركتيكا"
"Q51","NEWvalue","NAME_BN","","অ্যান্টার্কটিকা"
"Q51","NEWvalue","NAME_DE","","Antarktika"
"Q51","NEWvalue","NAME_EN","","Antarctica"
"Q51","NEWvalue","NAME_ES","","Antártida"
"Q51","NEWvalue","NAME_FR","","Antarctique"
"Q51","NEWvalue","NAME_EL","","Ανταρκτική"
"Q51","NEWvalue","NAME_HI","","अंटार्कटिका"
"Q51","NEWvalue","NAME_HU","","Antarktika"
"Q51","NEWvalue","NAME_ID","","Antartika"
"Q51","NEWvalue","NAME_IT","","Antartide"
"Q51","NEWvalue","NAME_JA","","南極大陸"
"Q51","NEWvalue","NAME_KO","","남극"
"Q51","NEWvalue","NAME_NL","","Antarctica"
"Q51","NEWvalue","NAME_PL","","Antarktyda"
"Q51","NEWvalue","NAME_PT","","Antártida"
"Q51","NEWvalue","NAME_RU","","Антарктида"
"Q51","NEWvalue","NAME_SV","","Antarktis"
"Q51","NEWvalue","NAME_TR","","Antarktika"
"Q51","NEWvalue","NAME_VI","","Châu Nam Cực"
"Q51","NEWvalue","NAME_ZH","","南极洲"
